First Name,Last Name,Email,Company,SEO Description,Company Address,Company City,Company State,Company Postal Code,BYD_Industries,Company Domain,Employees,Revenue,Company LinkedIn,Company Specialties,Logo URL
Fred,Kurth,fkurth@meldenandhunt.com,"Melden & Hunt, Inc.","Melden & Hunt, Inc. provides professional Civil Engineering, Surveying and Consulting services for any building project in South Texas.",115 West Mcintyre Street,Edinburg,Texas,78541,Civil Engineering,meldenandhunt.com,28,7792344,https://www.linkedin.com/company/melden-&-hunt-inc.,Civil Engineering Services and Survey,https://logo.clearbit.com/meldenandhunt.com
Doug,Rummel,dougjr@cbdeng.com,"Carlson, Brigance & Doering","Home of Carleson, Brigance & Doering",5501 West William Cannon Drive,Austin,Texas,78749,Civil Engineering,cbdeng.com,66,18367668,https://www.linkedin.com/company/carlson-brigance-&-doering,"Civil Engineers,General Contractors,Professional Engineers",https://logo.clearbit.com/cbdeng.com
Marc,Sandhu,msandhu@arsengineers.com,"Ars Engineers, Inc.","ARS Engineers is a 100% Minority-Owned, DBE, MBE, SBE, and HUB Firm providing Professional Engineering, Land Surveying, and Subsurface Utility Engineering (SUE) services throughout Texas.",12801 North Central Expressway,Dallas,Texas,75243,Civil Engineering,arsengineers.com,30,8348940,https://www.linkedin.com/company/ars-engineers,"Infrastructure Rehabilitations/Replacement,Hydrology/Hydraulics,Construction Administration,Design,Right-of-Way,ALTA/ACSM,Construction Staking,Land Title & Route",https://logo.clearbit.com/arsengineers.com
Scott,Hibbs,scott.hibbs@e-ht.com,"Enprotec / Hibbs & Todd, Inc. (Eht)","Civil, Environmental and Geotechnical Engineers Serving Texas Since 1989. Offices in Abilene, Lubbock and Granbury.",402 Cedar,Abilene,Texas,79601,Civil Engineering,e-ht.com,48,13358304,https://www.linkedin.com/company/enprotec-hibbs-&-todd-inc-,"Asbestos Consulting & Testing,Civil Engineering,Civil Engineers,Construction Management,Construction Materials Labs,Construction Materials Testing,Consulting Engineers,Environmental Consulting,Environmental & Ecological Consultants,Environmental Engineers,General Contractors,Geotechnical Engineering,Geotechnical Engineers,Land Surveyors,Mold Testing & Consulting,Professional Engineers,Project Management,Surveying,Water And Wastewater",https://logo.clearbit.com/e-ht.com
Oscar,Orduno,oorduno@oscarordunoinc.com,"Oscar Orduno, Inc.","Oscar Orduno, Inc. - leader in designing and building earth retention systems, and specialty foundations in the Dallas Texas area.",4600 Fuller Drive,Irving,Texas,75038,Civil Engineering,oscarordunoinc.com,33,9183834,https://www.linkedin.com/company/oscar-orduno-inc,"Building Contractors,General Contractors",https://logo.clearbit.com/oscarordunoinc.com
Sam,Dawson,sdawson@pape-dawson.com,Pape-Dawson Engineers,"Pape-Dawson Engineers, Inc. provides civil engineering, environmental, and surveying services for land development, transportation, and water resource projects.",2000 Northwest Loop,San Antonio,Texas,78213,Civil Engineering,pape-dawson.com,438,121894520,https://www.linkedin.com/company/pape-dawson-engineers,"Civil Engineers,Construction Engineers,Environmental & Ecological Consultants,Geologists,Land Companies,Land Planning Services,Professional Engineers,Surveying Engineers,Transportation Engineers",https://logo.clearbit.com/pape-dawson.com
Tommy,Carlson,twcarlson@cbdeng.com,"Carlson, Brigance & Doering","Home of Carleson, Brigance & Doering",5501 West William Cannon Drive,Austin,Texas,78749,Civil Engineering,cbdeng.com,66,18367668,https://www.linkedin.com/company/carlson-brigance-&-doering,"Civil Engineers,General Contractors,Professional Engineers",https://logo.clearbit.com/cbdeng.com
Terry,Brannon,tbrannon@brannoncorp.com,Brannon Corp,"We are a civil engineering and consulting firm serving a broad mix of residential, commercial, municipal, and institutional project needs throughout Texas and around the globe. Providing international structural and hydraulic pool engineering service",1321 South Broadway,Tyler,Texas,75701,Civil Engineering,brannoncorp.com,30,8348940,https://www.linkedin.com/company/brannon-corporation,"Civil & Structural Engineering,Water Supply,Distribution and Management,Commercial/Residential Development,Educational/Recreational Facility Engineering,Government/Municipal Engineering,Aviation/Airport Engineering,Aquatic Design,Engineering & Consulting",https://logo.clearbit.com/brannoncorp.com
Aaron,Smith,aaron.smith@precisiondemolition.com,Precision Demolition,"Since 1999, Precision Demolition has proven to be the leading provider of interior, selective, and wrecking demolition for commercial applications.",1125 Highway 121,Lewisville,Texas,75057,Construction,precisiondemolition.com,101,30498566,https://www.linkedin.com/company/precision-demolition,"Abatement Services,Bonding & Insurance,Demolition Contractors,Grading Contractors,Interior Demolition,Saw Cutting And Coring,Scheduling & Project Planning,Selective Demolition,Waste Disposal And Recycling,Wrecking Demolition Conventional Or Implosion Of Structures And Site Related Work.",https://logo.clearbit.com/precisiondemolition.com
Royce,Walker,rwalker@walkcon.com,"Walkcon, Ltd","We're an established Commercial General Contractor with office locations in Weatherford, TX. and Amarillo, TX. Our portfolio includes a wide range of p ...",6091 White Settlement Road,Hudson Oaks,Texas,76087,Construction,walkcon.com,50,15098300,https://www.linkedin.com/company/walkcon-ltd,"Building Contractors-Commercial & Industrial,Building Specialties,Electrical,General Contracting,General Contractors,Home Builders,Plumbing,Remodel",https://logo.clearbit.com/walkcon.com
Shawn,Brooke,shawn.brooke@cometsigns.com,Comet Signs,"Comet Signs produce pylons, cabinets, channel letters, vacuum form faces, and digital graphics for sign projects large and small. Contact us today to discuss your project.",5003 Stout Drive,San Antonio,Texas,78219,Construction,cometsigns.com,82,24761211,https://www.linkedin.com/company/comet-signs,"LED Conversions,Installation,Manufacturing,Engineering & Design,Vacuum Forming,Channel Letters,Sign Maintenance,Digital Signs,Electronic Message Centers,Project Management,National Rebrand Programs,Multi-Tenant Signs,Stadium Signage Programs,Pylon Signs,Interior Signage,Monument Signs,Sign Installation,Neon Signs,Large Format Digital Printing",https://logo.clearbit.com/cometsigns.com
Jeff,Robinson,jdrobinson@northwindsconst.com,Northwinds Construction,Welcome to Northwinds Construction Northwinds Construction does not measure success by the bottom line. We measure it in customer satisfaction and qua...,15400 Vantage Parkway West,Houston,Texas,77032,Construction,northwindsconst.com,22,6643252,https://www.linkedin.com/company/northwinds-construction-inc-,Commercial Design-Build Construction,https://logo.clearbit.com/northwindsconst.com
Frank,Jones,fjones@cavalryconstruction.com,"Cavalry Construction Co., Inc.","Cavalry is an IIRC certified contractor with locations throughout Texas. For 32 years, our company has specialized in remediation and property damage restoration.",6911 Breen Road,Houston,Texas,77086,Construction,cavalryconstruction.com,46,13890436,https://www.linkedin.com/company/cavalry-construction-co.-lp,"Altering & Remodeling Contractors,Bathroom Remodeling,Building Construction Consultants,Building Contractors,Building Contractors-Commercial & Industrial,Building Specialties,Construction Consultants,Flooring Contractors,Garages-Building & Repairing,General Contractors,Home Builders,Kitchen Planning & Remodeling Service,Painting Contractors,Patio Builders,Replacement & Installation,Siding Contractors,Tile-Contractors & Dealers,Windows-Repair",https://logo.clearbit.com/cavalryconstruction.com
Aaron,Painter,aaron@classicconstruction.com,"Classic Construction And Restoration, Inc.","We're a family-owned DFW construction company specializing in restoration and repair for roofing, fire, water, concrete, and maintenance.",406 South Yale Drive,Garland,Texas,75042,Construction,classicconstruction.com,44,13286504,https://www.linkedin.com/company/classic-construction-and-restoration-inc.,"Bathroom Remodeling,Building Contractors-Commercial & Industrial,Construction Consultants,Demolition Contractors,Disaster Recovery & Relief,Fence-Sales,Fire & Water Damage Restoration,Flooring Contractors,Foundation Contractors,General Contractors,Home Builders,Home Improvements,Kitchen Planning & Remodeling Service,Masonry Contractors,Painting Contractors,Roofing Contractors,Roofing Contractors-Commercial & Industrial,Roofing Services Consultants,Service & Contractors,Siding Contractors,Swimming Pool Dealers,Water Damage Restoration",https://logo.clearbit.com/classicconstruction.com
Michael,Bollero,mbollero@ariesbuildings.com,"Aries Building Systems, Llc","Aries Building Systems is North America's premiere manufacturer of modular buildings offering classrooms, ground level offices, storage containers and more.",6126 East Houston Street,Houston,Texas,77028,Construction,ariesbuildings.com,80,24157280,https://www.linkedin.com/company/aries-building-systems-llc,"Workforce Housing,Modular Construction,Development,Finance,Portable Classrooms,Mobile Offices,Storage Containers,Construction Offices,Modular Schools",https://logo.clearbit.com/ariesbuildings.com
Terry,Browning,terryb@cableelectric.com,"Cable Electric, Inc","Cable Electric Inc. has been providing top quality Commercial, Industrial, Residential and Design & Build Electrical Services for 38 years.",3716 Rufe Snow Drive,North Richland Hills,Texas,76180,Construction,cableelectric.com,25,7549150,https://www.linkedin.com/company/cable-electric-inc,"Electric Contractors-Commercial & Industrial,Electricians,Electronic Equipment & Supplies-Repair & Service,Lighting Consultants & Designers,Lighting Fixtures,Lighting Fixtures-Wholesale & Manufacturers,Lighting Systems & Equipment,Lightning Protection Equipment",https://logo.clearbit.com/cableelectric.com
Rex,Moran,rmoran@emc-hou.com,Emc Services Inc.,"EMC Services is your One Solution Engineering, Project Management and Construction Contractor.",5543 Armour Drive,Houston,Texas,77020,Construction,emc-hou.com,24,7247184,https://www.linkedin.com/company/emc-services-inc.,"Civi,Electrical,Environmental,Engineering,Construction Managment,Design Build Industrial General Contractor",https://logo.clearbit.com/emc-hou.com
Hugh,Payne,hpayne@osinterior.com,"O.S. Interior Systems, Inc.","O.S. Interior Systems is a full-service commercial interior contractor in Houston, Texas performing in the multiple roles of gypsum board systems, relocatable partitions, acoustical ceilings, and other types of architectural finishes.",3665 Walnut Bend Lane,Houston,Texas,77042,Construction,osinterior.com,22,6643252,https://www.linkedin.com/company/o.s.-interior-systems,"Altering & Remodeling Contractors,Demolition Contractors,Door Repair,Drywall Contractors,General Contractors,Home Builders,Insulation Contractors,Painting Contractors",https://logo.clearbit.com/osinterior.com
Fred,Koetting,fredk@sbslp.com,"Schulte Building Systems, Inc.","SBS is an IAS AC472 accredited manufacturer of pre-engineered metal buildings, steel framing systems, building components & accessories",17600 Badtke Road,Hockley Mine,Texas,77447,Construction,sbslp.com,120,36235920,https://www.linkedin.com/company/schulte-building-systems-llc.,Metal Buildings,https://logo.clearbit.com/sbslp.com
Carlos,Morett,cmorett@alliance-fire.com,Alliance Specialized Systems,"Alliance Specialized Systems - Sistemas contra Incendio, 20 Años en el Mercado y más de 25 millones de m2 instalados - Llámenos +800 506 2056",602 North Mccoll Circle,McAllen,Texas,78501,Construction,alliance-fire.com,92,27780872,https://www.linkedin.com/company/alliance-specialized-systems,"Fire Protection,Fire Suppression,Fire Detection,Building Management Systems",https://logo.clearbit.com/alliance-fire.com
John,Murray,johnmurray@tealcon.com,Teal Construction Company,Teal Construction has provided general contracting and commercial construction management services to commercial clients nationwide since 1947.,1335 Brittmoore Road,Houston,Texas,77043,Construction,tealcon.com,69,20835653,https://www.linkedin.com/company/tealconstruction,"General Contractor,K-12 Construction,Automobile Dealerships,Banks,Retail Developments,Libraries,Fire/Police Stations,Offices,Design/Build,Metal Buildings,Construction Manager-at-Risk,Interiors,Renovations/Additions",https://logo.clearbit.com/tealcon.com
Neal,Harper,nharper@cadencemcshane.com,Cadence Mcshane Construction Company,"As a highly-experienced provider of construction services, Cadence McShane deploys a culture of relentless service with an entrepreneurial spirit.",5057 Keller Springs Road,Addison,Texas,75001,Construction,cadencemcshane.com,163,49220460,https://www.linkedin.com/company/cadence-mcshane-construction-company,"General Construction,Design/Build,Pre-Construction Services,Full Service Approach",https://logo.clearbit.com/cadencemcshane.com
John,Clark,john.clark@usarenovations.com,Usa Renovations,"Professionals in Commercial Polished Concrete, Epoxy Flooring, Stained Concrete, & Sealed Concrete floors. Nationwide service!",1231 North Glenville Drive,Richardson,Texas,75081,Construction,usarenovations.com,26,7851116,https://www.linkedin.com/company/usa-renovations,"Altering & Remodeling Contractors,Ceiling Restoration / Cleaning,Epoxy,General Contractors,Polished Concrete,Sealed Concrete",https://logo.clearbit.com/usarenovations.com
Randy,Romani,rromani@easttexasprecast.net,East Texas Precast,"East Texas Precast, located in Hempstead, TX, is a PCI certified C4A plant that serves the state of Texas and western Louisiana.",44855 Old Houston Highway,Prairie View,Texas,77445,Construction,easttexasprecast.net,22,6643252,https://www.linkedin.com/company/east-texas-precast,"Precast Concrete,Structural Precast Concrete,Parking Garages,Double Tees,Wall Panels,Architectural Precast Concrete",https://logo.clearbit.com/easttexasprecast.net
Ross,Elmore,ross.elmore@ogdllc.com,Ogd Equipment Co,"OGD® is a garage door and overhead door services company. From small residential repairs to large new construction projects, we do it all.",2900 Cullen Street,Fort Worth,Texas,76107,Construction,ogdllc.com,26,7851116,https://www.linkedin.com/company/ogd-equipment-co,"Docks,Garage Doors,Gates,Overhead Doors",https://logo.clearbit.com/ogdllc.com
Ray,Daigle,ray@fireproofcontractors.com,"Fireproof Contractors, Inc","Fireproof Contractors, Inc. is Commercial Construction Specialty Services Company that provides fireproofing, insulation, firestopping, and waterproofing installations.",4255 Clay Business Drive,Katy,Texas,77449,Construction,fireproofcontractors.com,26,7851116,https://www.linkedin.com/company/fireproof-contractors-inc,"Spray-on Fireproofing,Waterproofing & Sealants,Thermal Insulation,Firestopping",https://logo.clearbit.com/fireproofcontractors.com
Dustin,Haney,dustinh@dkhaneyroofing.com,Dk Haney Roofing,"DK Haney Roofing is a national, full service, commercial roofing contractor with the heart of a local company.",1420 Markum Ranch Road,Benbrook,Texas,76126,Construction,dkhaneyroofing.com,40,12078640,https://www.linkedin.com/company/dkhaneyroofing,"Commercial,Industrial and Institutional Roofing,New Roof Installation,Roof Asset Management,Complete Roof Inspections,Roof Maintenance & Repair,Flat Roof,PVC Roof,Duro-Last Roof,Roof coating,EPDM Roof,Modified Bitumen",https://logo.clearbit.com/dkhaneyroofing.com
Pete,Sitterle,pete@cometsigns.com,Comet Signs,"Comet Signs produce pylons, cabinets, channel letters, vacuum form faces, and digital graphics for sign projects large and small. Contact us today to discuss your project.",5003 Stout Drive,San Antonio,Texas,78219,Construction,cometsigns.com,82,24761211,https://www.linkedin.com/company/comet-signs,"LED Conversions,Installation,Manufacturing,Engineering & Design,Vacuum Forming,Channel Letters,Sign Maintenance,Digital Signs,Electronic Message Centers,Project Management,National Rebrand Programs,Multi-Tenant Signs,Stadium Signage Programs,Pylon Signs,Interior Signage,Monument Signs,Sign Installation,Neon Signs,Large Format Digital Printing",https://logo.clearbit.com/cometsigns.com
Aaron,Todd,aaron@empireroofing.com,"Empire Roofing, Inc.","Empire Roofing provides a wide range of roofing related services for commercial, industrial, office, retail, and institutional properties. We work with the latest technology and the best quality equipment, including more than two hundred of our own s",5301 Sun Valley Drive,Forest Hill,Texas,76119,Construction,empireroofing.com,176,53146015,https://www.linkedin.com/company/empire-roofing-inc.,"Preventative Maintenance,Technology Solutions,Commercial Roofing,Commercial Waterproofing",https://logo.clearbit.com/empireroofing.com
Damon,Sachs,dsachs@libertyhomebuilders.com,Liberty Home Builders,"Building Beautiful New Homes and Communities in Houston and San Antonio, TX. Our Homes Feature Amazing Floor Plans and Quality Materials at Affordable Prices.",2821 Jordens Road,Houston,Texas,77084,Construction,libertyhomebuilders.com,27,8153082,https://www.linkedin.com/company/liberty-home-builders,"General Contractors,Home Builders,Real Estate Developers",https://logo.clearbit.com/libertyhomebuilders.com
Ron,Chamberlain,rchamberlain@sierraclassic.com,Sierra Classic Custom Homes,"Your Home, Your Way – Building custom luxury homes since 1997 At Sierra, our team works with you to learn how you live, entertain and what you value most to ens",34431 Katy Freeway,Pattison,Texas,77423,Construction,sierraclassic.com,24,7247184,https://www.linkedin.com/company/sierra-classic-custom-homes,"Custom Home Building,Custom Plan Design,Build On Your Land",https://logo.clearbit.com/sierraclassic.com
Dan,Karsten,dan@karsteninterior.com,Karsten Interior Services,"Karsten Interior Services provides a full range of interior construction services, delivered within budget and on schedule.",1711 Townhurst Drive,Houston,Texas,77043,Construction,karsteninterior.com,53,16004198,https://www.linkedin.com/company/karsten-interior-services,"Drywall Contractors,Plastering Contractors",https://logo.clearbit.com/karsteninterior.com
Jeff,Blevins,jblevins@campconstruction.com,Camp Construction Services,Looking for commercial renovation contractors who transform your multifamily property? Look no further. Get started with interior & exterior renovations.,15139 South Post Oak Road,Houston,Texas,77053,Construction,campconstruction.com,158,47710630,https://www.linkedin.com/company/camp-construction-services,"General Contractor,Complete Roofing Services,Exterior and Interior Rehab,Fire,Flood and Disaster Restoration,Emergency Response,Capital Improvement",https://logo.clearbit.com/campconstruction.com
Randy,Carlos,rdc@dcaaustin.com,Dca Construction,"Located in Austin Texas, DCA’s mission is to build long-term client relationships by delivering construction management services and solutions in innovative and cost effective ways. We will realize our mission by setting the highest standards in serv",8868 Research Boulevard,Austin,Texas,78758,Construction,dcaaustin.com,43,12984538,https://www.linkedin.com/company/dca-construction,"General Construction,Construction Management,Design/Build,Retail,Hospitality,Office,Medical,Industrial",https://logo.clearbit.com/dcaaustin.com
Boyd,Beadles,bbeadles@cavalryconstruction.com,"Cavalry Construction Co., Inc.","Cavalry is an IIRC certified contractor with locations throughout Texas. For 32 years, our company has specialized in remediation and property damage restoration.",6911 Breen Road,Houston,Texas,77086,Construction,cavalryconstruction.com,46,13890436,https://www.linkedin.com/company/cavalry-construction-co.-lp,"Altering & Remodeling Contractors,Bathroom Remodeling,Building Construction Consultants,Building Contractors,Building Contractors-Commercial & Industrial,Building Specialties,Construction Consultants,Flooring Contractors,Garages-Building & Repairing,General Contractors,Home Builders,Kitchen Planning & Remodeling Service,Painting Contractors,Patio Builders,Replacement & Installation,Siding Contractors,Tile-Contractors & Dealers,Windows-Repair",https://logo.clearbit.com/cavalryconstruction.com
Joe,Galatas,joe.galatas@mcdelevators.com,Mcdonough Elevators,"Rack and pinion construction elevators are available for rent and sale at McDonough Elevators, an industrial elevator distributor. Contact us today!",8400 Villa Drive,Houston,Texas,77061,Construction,mcdelevators.com,53,16004198,https://www.linkedin.com/company/mcdonough-elevators,"Elevator Inspection & Maintenance,Explosion Proof Elevators,Installation And Dismantle,Modernization Packages,Permanent Elevators,Spare Parts,Temporary Rental Construction Hoists",https://logo.clearbit.com/mcdelevators.com
Randolph,Goss,randy.goss@scaffold.com,Betco Scaffolds,"BETCO Scaffolds brings over 75 years of experience to designing and building construction scaffolding in Houston, TX and throughout the United States.",1617 Enid,Houston,Texas,77009,Construction,scaffold.com,93,28082838,https://www.linkedin.com/company/betco-scaffolds,"Scaffolding,Material and Transport Platforms,Swing Stage Systems,Debris Chutes,Shoring,Labor Services,Engineering and Design Services",https://logo.clearbit.com/scaffold.com
Craig,Noto,cnoto@saqualityfence.com,Quality Fence & Welding,"Quality Fence and Welding offers a wide range of products & services, serving clients in San Antonio, New Braunfels, Austin, San Marcos, Corpus Christi, Victoria and Laredo.",13115 Wetmore Road,Wetmore,Texas,78247,Construction,saqualityfence.com,27,8153082,https://www.linkedin.com/company/quality-fence-&-welding,"Automatic Gates & 24 Hour Service,Chain Link Fencing,Deck Builders,Decks,Fence-Sales,Garage Doors & Openers,Gates & Accessories,Gazebos,General Contractors,Iron Work,Masonry,& Outdoor Entertainment Centers,Patio Builders,Powder Coating Facility,Service & Contractors,Structural Steel Fabrication & Erection,Vinyl Fencing,Welders,Wood Fence Installations & Repairs,Wrought Iron Fencing",https://logo.clearbit.com/saqualityfence.com
John,Todd,jtodd@elitehomeremodeling.com,Elite Remodeling,"Award-winning, full-service remodeling and accessibility modifications for Frisco, Plano, Prosper, McKinney, Allen, Celina & North Dallas homes. Reach out now!",2930 Preston Road,Frisco,Texas,75034,Construction,elitehomeremodeling.com,34,10266844,https://www.linkedin.com/company/elite-remodeling,"Bathroom Remodeling And Adding Square Footage To Homes Through Room Additions,We Specialize In Full Service Remodeling Focused On Kitchen Remodeling",https://logo.clearbit.com/elitehomeremodeling.com
David,Sargent,davidk@stripe-a-zone.com,Stripe-A-Zone,"Stripe-A-Zone specializes in Pavement Marking offering Parking Lot Striping, Pavement Maintenance, Sealcoating and Signs services.",2714 Sherman Street,Grand Prairie,Texas,75051,Construction,stripe-a-zone.com,40,12078640,https://www.linkedin.com/company/stripe-a-zone,"Pavement Marking,Water Blasting,Wheel Stops,Specialty Markings,Sign Installation,Sand Blasting,Seal Coating,Rumble Cutting",https://logo.clearbit.com/stripe-a-zone.com
Harry,Levy,harry@levycompany.com,"The Levy Company, Lp",A heavy-highway and electrical construction company with the proven skills and knowledge to safely and efficiently complete roadway and electrical projects of any size.,16294 Interstate Highway 35 North,Schertz,Texas,78154,Construction,levycompany.com,68,20533688,https://www.linkedin.com/company/the-levy-company-lp,"Signing (Street and Roadway),Traffic Signals,Heavy Electrical,Commercial Electrical,Lighting",https://logo.clearbit.com/levycompany.com
Craig,Lewis,craig@recind.com,"Rec Industries, Inc.","REC Industries mission is to build, renovate and service healthy buildings that ultimately build a healthier nation.",P.O. BOX 4868,College Station,Texas,,Construction,recind.com,48,14494368,https://www.linkedin.com/company/rec-industries-inc-,"Mechanical Contracting,Plumbing,HVAC,Sheet Metal",https://logo.clearbit.com/recind.com
Matt,Roland,mattroland@aol.com,Newmark Homes,Newmark Homes is top new construction home builder in communities throughout Houston. Our homes are built with award-winning designs and an energy-efficient program. Find your home today!,23033 Grand Circle Boulevard,Katy,Texas,77449,Construction,newmarkhomes.com,150,45294900,https://www.linkedin.com/company/newmark-homes,"Homebuilder Houston,New Home Construction,New Homes Houston,Real-Estate Houston",https://logo.clearbit.com/newmarkhomes.com
Richard,Bush,rbush@trinitystairs.com,"Trinity Stairs, Inc.",| A Step In The Right Direction,12750 Preston Road,Frisco,Texas,75034,Construction,trinitystairs.com,30,9058980,https://www.linkedin.com/company/trinity-stairs-inc.,"Custom Stairs,Hardwood Floors,Iron Balconies,Iron Doors,Iron Fireplace Screens And More.,Iron Gates,Production Builder Stairs,Spiral Stairs,Stair Design,Wine Gates",https://logo.clearbit.com/trinitystairs.com
Jane,Feigenbaum,jfeigenbaum@metcontracting.com,"Metropolitan Contracting Company, Llc","METRO is the premier general contractor for commercial construction. Ground up, Finish out, or Renovation, we are Building Something Better.",990 Isom Road,San Antonio,Texas,78216,Construction,metcontracting.com,33,9964878,https://www.linkedin.com/company/metropolitan-contracting-company-ltd.,"Altering & Remodeling Contractors,Building Construction Consultants,Building Contractors,Building Contractors-Commercial & Industrial,General Contractors",https://logo.clearbit.com/metcontracting.com
Randy,O'donnell,rodonnell@odonnellsnider.com,O'donnell/Snider Construction,"We listen to the needs of our clients. Then, we exceed their expectations through respect, trust, safety and clear communication. Explore our values.",1900 West Loop South,Houston,Texas,77027,Construction,odonnellsnider.com,140,42275240,https://www.linkedin.com/company/o'donnell-snider-construction,Commercial General Contracting Services,https://logo.clearbit.com/odonnellsnider.com
Chuck,Fell,chuckfell@cfimechanical.com,"Cfi Mechanical, Inc","CFI Mechanical Construction is focused on customer support and teamwork, which relates directly to how we handle our partners and clients.",6109 Brittmoore Road,Jersey Village,Texas,77041,Construction,cfimechanical.com,51,15400266,https://www.linkedin.com/company/cfi-mechanical-inc,"Altering & Remodeling Contractors,Building Contractors,Gas Lines-Installation & Repairing,General Contractors,Mechanical Contractors,Plumbers",https://logo.clearbit.com/cfimechanical.com
Jody,O'donnell,jodonnell@lmilandscapes.com,"Lmi Landscapes, Inc.","LMI Landscapes prides itself on providing superior landscape and irrigation design, development and commercial maintenance. Our experts have experience in commercial development, medical buildings, industrial parks, multi-family, master planned commu",1437 Halsey Way,Carrollton,Texas,75007,Construction,lmilandscapes.com,35,10568810,https://www.linkedin.com/company/lmi-landscapes-inc.,"Excavation Contractors,General Contractors,Landscape Contractors,Landscape Designers & Consultants,Landscaping Equipment & Supplies,Landscaping & Lawn Services,Patio Builders,Retaining Walls,Snow Removal Service,Tree Service",https://logo.clearbit.com/lmilandscapes.com
David,Schulte,schulteroofing@aol.com,Schulte Roofing,Voted #1 commercial and residential roofing company 10 consecutive years. Backed by a committment to excellence in roofing and industry-leading warranties.,10842 Bypass 6 Highway South,Navasota,Texas,77868,Construction,schulteroofing.com,31,9360946,https://www.linkedin.com/company/schulte-roofing,"Commercial Roofing,Residential Roofing,Metal Roofing,Slate Roofing,Tile Roofing,Composition Roofing,Reroofing,Roof Repair,Insurance Claims,Sheet Metal Fabrication,Roof Consultation,Roof Inspection",https://logo.clearbit.com/schulteroofing.com
Tommy,Mcaden,tommy.mcaden@antareshomes.com,Antares Homes,"Antares Homes is a family-owned home builder with new homes throughout the Dallas-Fort Worth area, including Arlington, Burleson, Saginaw, and more.",840 Interstate 20,Arlington,Texas,76018,Construction,antareshomes.com,49,14796334,https://www.linkedin.com/company/antares-homes,"Construction Consultants,General Contractors,Home Builders,Home Design & Planning",https://logo.clearbit.com/antareshomes.com
John,Byrd,jbyrd@byrdinterior.com,"Byrd Interior Construction, Lp",Byrd Interior Construction specializes in delivering the best commercial construction services to each client.,8990 Hempstead Highway,Houston,Texas,77008,Construction,byrdinterior.com,27,8153082,https://www.linkedin.com/company/byrd-interior-construction-lp,"CORPORATE INTERIORS,HEALTHCARE INTERIORS,COMMON AREA,ADA MODIFICATIONS,RETAIL CONSTRUCTION,NEW CONSTRUCTION",https://logo.clearbit.com/byrdinterior.com
Jerrel,Kutil,jkutil@gcatstx.com,Gcats Telecom & Critical Power Services,"GCATS continues to be the premier partner for electrical, low voltage, renewables and critical power services since 2005 and is an Official Cummins Generator Dealer for North Texas..",Po Box 560603,Dallas,Texas,75356,Construction,gcatstx.com,32,9662912,https://www.linkedin.com/company/gcats-telecom-&-critical-power-services,"DC Construction & Power Installations,Disaster Recovery,Central Office Installations,Critical Power & Design Build Services,Voice & Data Cabling,EF&I and Generator Services,Cellular,Microwave,& Fiber Optics Installation & Surveys,Tenant Finish,Data Center Construction",https://logo.clearbit.com/gcatstx.com
Shirley,Campbell,shirley@trendsetterconstruction.com,"Trendsetter Construction, Inc.","Texas-based Trendsetter is your one-stop shop for Construction needs, including upstream / midstream oil and gas, pipeline, civil and residential in Texas.",2173 Turkey Road,Gladewater,Texas,75647,Construction,trendsetterconstruction.com,67,20231722,https://www.linkedin.com/company/trendsetter-construction-inc-,"Land Farming,Oilfield Services,Pipeline,Pipeline Integrity Services,Plant Construction & Maintenance,Roustabout,Site Design & Consulting,Site Excavation,Specialty Services,Wood Grinding & Recycling",https://logo.clearbit.com/trendsetterconstruction.com
Aaron,Dugas,adugas@slsco.com,"Slsco, Ltd.","SLSCO, LTD (SLS) is a diverse and results-driven general contracting and construction management firm providing the full spectrum of disaster and emergency response, construction, development, health and infrastructure services. We serve all levels a",6702 Broadway St,Jamaica Beach,Texas,77554,Construction,slsco.com,78,23553349,https://www.linkedin.com/company/slsco-ltd-,"Disaster Recovery,Residential Rehabilitation and New Construction,Oilfield Housing and Site Construction Services,Federal Services",https://logo.clearbit.com/slsco.com
Reed,Seaton,reed@hellasconstruction.com,"Hellas Construction, Inc.","Hellas Construction builds sports complexes, fields, and stadiums. We control every stage of construction from top to bottom to ensure the best quality.",12710 Research Boulevard,Austin,Texas,78759,Construction,hellasconstruction.com,253,76397400,https://www.linkedin.com/company/hellas-construction-inc,"Sports Construction,Synthetic Turf Manufacturing,Running Track Manufacturing,Tennis Court Surfacing,Field Installation,Track Installation,Field Maintenance and Repair,Tennis Court Repair",https://logo.clearbit.com/hellasconstruction.com
Bill,Pickler,bpickler@advconc.com,"Advanced Concrete Surfaces, Llc.","Concrete subcontractor specializing in Floor Leveling, Sound Control, Waterproofing and decorative concretetifam for mulily, commercial and residential construction.",11234 Goodnight Lane,Dallas,Texas,75229,Construction,advconc.com,34,10266844,https://www.linkedin.com/company/advanced-concrete-surfaces-ltd-,"Building Contractors,Concrete Contractors,Concrete Restoration,Concrete Topping & Waterproofing,Decorative & Stained Concrete,General Contractors,Overlayments,Sealing & Cleaning,Underlayments",https://logo.clearbit.com/advconc.com
Clint,Sanford,csanford@wierenterprises.com,Wier Enterprises,Wier is a large volume general contractor that still has maintained its family business feel. Request your bid for a better construction experience.,2400 West 34th Street,Houston,Texas,77018,Construction,wierenterprises.com,28,8455048,https://www.linkedin.com/company/wier-enterprises,"Industrial Equipment & Supplies-Wholesale,Machinery",https://logo.clearbit.com/wierenterprises.com
Leslie,Burich,leslie@kjwoodworks.com,K&J Woodworks,We Make Wood Work!,86 South Old Spanish Trail,Niederwald,Texas,78640,Construction,kjwoodworks.com,25,7549150,https://www.linkedin.com/company/kandj-woodworks,"Cabinet Makers,Carpenters,Woodworking",https://logo.clearbit.com/kjwoodworks.com
Dennard,Gilpin,dennard@critexas.com,Consolidated Reinforcement,Texas Post-Tension and Rebar Since 1976,13801 Avenue K,Austin,Texas,78728,Construction,critexas.com,38,11474708,https://www.linkedin.com/company/critexas,"Concrete Reinforcement,Foundation Contractors,Post Tension,Soil Testing,Structural Engineering",https://logo.clearbit.com/critexas.com
Jason,Lillard,pjlillard@ridgemont.com,Ridgemont Commercial Construction,"Ridgemont is a commercial construction, general contractor firm delivering quality constructed projects since 1976. Our diverse portfolio includes projects and clients in the retail, healthcare, senior living, automotive, office & industrial market s",1520 West Walnut Hill Lane,Irving,Texas,75038,Construction,ridgemont.com,82,24761211,https://www.linkedin.com/company/ridgemont-commercial-construction,General Contractor,https://logo.clearbit.com/ridgemont.com
Joel,Campbell,joel@trendsetterconstruction.com,"Trendsetter Construction, Inc.","Texas-based Trendsetter is your one-stop shop for Construction needs, including upstream / midstream oil and gas, pipeline, civil and residential in Texas.",2173 Turkey Road,Gladewater,Texas,75647,Construction,trendsetterconstruction.com,67,20231722,https://www.linkedin.com/company/trendsetter-construction-inc-,"Land Farming,Oilfield Services,Pipeline,Pipeline Integrity Services,Plant Construction & Maintenance,Roustabout,Site Design & Consulting,Site Excavation,Specialty Services,Wood Grinding & Recycling",https://logo.clearbit.com/trendsetterconstruction.com
Daryl,Barber,daryl.barber@actionfirepros.com,Action Fire Pros,"Premier, full service commercial fire protection company in North Central Texas offering complete sprinkler and alarm system installation, maintenance, service and inspections.",200 Sharron Drive,Woodway,Texas,76712,Construction,actionfirepros.com,52,15702232,https://www.linkedin.com/company/action-fire-pros,"Fire Sprinkler,Fire Alarm,Fire Extinguisher",https://logo.clearbit.com/actionfirepros.com
Carlos,Morett,cmorett@aol.com,Alliance Specialized Systems,"Alliance Specialized Systems - Sistemas contra Incendio, 20 Años en el Mercado y más de 25 millones de m2 instalados - Llámenos +800 506 2056",602 North Mccoll Circle,McAllen,Texas,78501,Construction,alliance-fire.com,92,27780872,https://www.linkedin.com/company/alliance-specialized-systems,"Fire Protection,Fire Suppression,Fire Detection,Building Management Systems",https://logo.clearbit.com/alliance-fire.com
John,Hoot,jhoot@saqualityfence.com,Quality Fence & Welding,"Quality Fence and Welding offers a wide range of products & services, serving clients in San Antonio, New Braunfels, Austin, San Marcos, Corpus Christi, Victoria and Laredo.",13115 Wetmore Road,Wetmore,Texas,78247,Construction,saqualityfence.com,27,8153082,https://www.linkedin.com/company/quality-fence-&-welding,"Automatic Gates & 24 Hour Service,Chain Link Fencing,Deck Builders,Decks,Fence-Sales,Garage Doors & Openers,Gates & Accessories,Gazebos,General Contractors,Iron Work,Masonry,& Outdoor Entertainment Centers,Patio Builders,Powder Coating Facility,Service & Contractors,Structural Steel Fabrication & Erection,Vinyl Fencing,Welders,Wood Fence Installations & Repairs,Wrought Iron Fencing",https://logo.clearbit.com/saqualityfence.com
Mark,Daigle,mark@fireproofcontractors.com,"Fireproof Contractors, Inc","Fireproof Contractors, Inc. is Commercial Construction Specialty Services Company that provides fireproofing, insulation, firestopping, and waterproofing installations.",4255 Clay Business Drive,Katy,Texas,77449,Construction,fireproofcontractors.com,26,7851116,https://www.linkedin.com/company/fireproof-contractors-inc,"Spray-on Fireproofing,Waterproofing & Sealants,Thermal Insulation,Firestopping",https://logo.clearbit.com/fireproofcontractors.com
John,Meador,jmeador@a1sp.com,A-1 Construction Services,"A-1 Construction Services completed a mill & overlay on a 108,500 sf front parking lot of a retail center and an overlay for the rear parking area.",6217 West Sam Houston Parkway North,Jersey Village,Texas,77041,Construction,a1sp.com,22,6643252,https://www.linkedin.com/company/a-1-construction-services,"Asphalt,Concrete,General Contracting,Striping",https://logo.clearbit.com/a1sp.com
Dean,Tomme,dtomme@dntconstruction.com,Dnt Construction Llc,"DNT COntstruction, a construction company headquarters in Round Rock, TX",18952 Redland Rd,San Antonio,Texas,78259,Construction,dntconstruction.com,151,45596867,https://www.linkedin.com/company/dnt-construction-llc,"Construction Consultants,Excavation Contractors,General Contractors,Utility Contractors",https://logo.clearbit.com/dntconstruction.com
John,Castro,jcastro@falkenbergconstruction.com,Falkenberg Construction Co Inc,"Since 2000, Falkenberg Construction Inc has provided quality services to clients by providing them with the professional care they deserve.",4850 Samuell Boulevard,Mesquite,Texas,75149,Construction,falkenbergconstruction.com,22,6643252,https://www.linkedin.com/company/falkenberg-construction-co-inc,"Building Contractors-Commercial & Industrial,General Contractors,Home Builders,Metal Buildings,Public & Commercial Warehouses",https://logo.clearbit.com/falkenbergconstruction.com
Michael,Perri,michaelperri@hotmail.com,"Dry Force, Llc","Our team of technicians offer water damage restoration and removal services in areas of Texas such as Houston, Austin, and Dallas. Book an appointment.",3701 West Royal Lane,Irving,Texas,75063,Construction,dryforcellc.com,59,17815994,https://www.linkedin.com/company/dry-force-llc,"Fire & Water Damage Restoration,Water Damage Restoration",https://logo.clearbit.com/dryforcellc.com
Harry,Holloway,harry@fosterfence.com,Foster Fence Inc,"Foster Fence carries many fencing products, ranging from chain link and ornamental iron fences to custom security fences and gates. These products, coupled with our on-site fabrication department, allow us to meet our customers’ needs for custom gate",16700 Beaumont Highway,Houston,Texas,77049,Construction,fosterfence.com,35,10568810,https://www.linkedin.com/company/foster-fence-inc,"Fence Materials,Fence Repair,Fence-Sales,Fence-Wholesale & Manufacturers,Garage Doors & Openers,Ornamental Metal Work,Service & Contractors",https://logo.clearbit.com/fosterfence.com
Tony,Borino,tborino@tri-tex.net,Tri-Tex Enterprises,"Tri-Tex specializes in a broad range of products & services for the Hospitality, Healthcare, and Architectural sectors.",4909 Lakawana Street,Dallas,Texas,75247,Construction,tri-tex.net,24,7247184,https://www.linkedin.com/company/tri-tex-enterprises,Drapery & Curtain Fabrics,https://logo.clearbit.com/tri-tex.net
Gabe,Ullmann,gabe.ullmann@bluescience.com,Blue Science,"Blue Science is a top rated Texas pool company. We offer a 100% satisfaction guarantee on our weekly pool service and remodeling/building projects in Dallas, Houston, Austin, and San Antonio.",4362 Spring Valley Road,Dallas,Texas,75244,Construction,bluescience.com,23,6945218,https://www.linkedin.com/company/blue-science,"pool service,pool remodeling,pool equipment,inground pool construction",https://logo.clearbit.com/bluescience.com
Lucky,Ivy,livy@advconc.com,"Advanced Concrete Surfaces, Llc.","Concrete subcontractor specializing in Floor Leveling, Sound Control, Waterproofing and decorative concretetifam for mulily, commercial and residential construction.",11234 Goodnight Lane,Dallas,Texas,75229,Construction,advconc.com,34,10266844,https://www.linkedin.com/company/advanced-concrete-surfaces-ltd-,"Building Contractors,Concrete Contractors,Concrete Restoration,Concrete Topping & Waterproofing,Decorative & Stained Concrete,General Contractors,Overlayments,Sealing & Cleaning,Underlayments",https://logo.clearbit.com/advconc.com
Mike,Slataper,mslataper@ramtechgroup.com,"Ramtech Building Systems, Inc.","Ramtech is a design-build construction company and direct manufacturer of modular buildings for schools, healthcare, commercial and government.",1400 Highway 287 South,Mansfield,Texas,76063,Construction,ramtechgroup.com,61,18419926,https://www.linkedin.com/company/ramtech-building-systems-inc-,"Buildings & Offices,Buildings-Portable,General Contractors,Mobile Home Dealers,Modular Homes,Trailers-Offices & Modulars",https://logo.clearbit.com/ramtechgroup.com
Karl,Hielscher,hielscherk@metlspan.com,Metl-Span,"Metl-Span is an industry leading manufacturer of insulated metal wall & roof panels in architectural, commercial, industrial & cold storage applications.",1720 Lakepointe Drive,Lewisville,Texas,75057,Construction,metlspan.com,146,44087036,https://www.linkedin.com/company/metl-span-llc,"Metal Specialties,Metal-Wholesale & Manufacturers,Steel Fabricators",https://logo.clearbit.com/metlspan.com
Jeff,Mickler,jeff.mickler@jacobwhitecc.com,Jacob White Construction Co,"Jacob White is an award winning commercial construction firm headquartered in Houston, TX.",Po Box 890688,Houston,Texas,77289,Construction,jacobwhitecc.com,25,7549150,https://www.linkedin.com/company/jacob-white-construction-co,"Construction Management,Design Build,General Contracting",https://logo.clearbit.com/jacobwhitecc.com
Peter,Ollmann,pollmann@hamiltonform.com,Hamilton Form Company,"Hamilton Form has served the precast community for the past 55 years. That’s all we do. Precast and Prestressed Concrete Forms & Equipment. Our products are proudly made in the USA. Forms, Form Accessories, Product Components, Production Machinery, S",7009 Midway,N Richlnd Hls,Texas,76118,Construction,hamiltonform.com,29,8757014,https://www.linkedin.com/company/hamilton-form-company,Steel Forms For Precast/Prestressed Concrete Producers,https://logo.clearbit.com/hamiltonform.com
Clay,Trantham,clay@jct-ind.com,"Junction Industries, Llc","Fort Worth, Texas-based Holding Company providing foundational support for its growing family of infrastructure, technology, and industrial subsidiaries.",3348 Peden Road,Ft Worth,Texas,76179,Construction,jct-ind.com,87,26271042,https://www.linkedin.com/company/junction-industries-llc,"Design-Build Industrial Construction,Industrial Maintenance,Material Handling Consultants,Real Estate Development,Steel Fabrication",https://logo.clearbit.com/jct-ind.com
Ryan,Lamb,rlamb@gcatstx.com,Gcats Telecom & Critical Power Services,"GCATS continues to be the premier partner for electrical, low voltage, renewables and critical power services since 2005 and is an Official Cummins Generator Dealer for North Texas..",Po Box 560603,Dallas,Texas,75356,Construction,gcatstx.com,32,9662912,https://www.linkedin.com/company/gcats-telecom-&-critical-power-services,"DC Construction & Power Installations,Disaster Recovery,Central Office Installations,Critical Power & Design Build Services,Voice & Data Cabling,EF&I and Generator Services,Cellular,Microwave,& Fiber Optics Installation & Surveys,Tenant Finish,Data Center Construction",https://logo.clearbit.com/gcatstx.com
Michael,De La Mora,mdelamora@stellarrestoration.com,"Stellar Restoration Services, Llc","We are a relationship-oriented company where our clients are our top priority. We are dedicated to making their restoration experience a successful one. We are known for providing outstanding quality, timely commitments, and innovative solutions. We",10497 Town And Country Way,Houston,Texas,77024,Construction,stellarrestoration.com,23,6945218,https://www.linkedin.com/company/stellar-restoration-services-llc,"Commercial Roofing,Emergency Contractors - Commercial Construction,General Contractors,Insurance Loss Restoration Services,Multi-Family Roofing",https://logo.clearbit.com/stellarrestoration.com
Chris,Tucker,ctucker@transetco.com,Transet Co.,"Transet Co. is a Longview, Texas based Commercial General Contractor serving the East Texas area. We provide a full range of pre-construction and construction services.",400 American Legion Boulevard,Longview,Texas,75601,Construction,transetco.com,21,6341286,https://www.linkedin.com/company/transet-co,"Altering & Remodeling Contractors,Building Contractors,Door Repair,General Contractors,Home Builders,Kitchen Cabinets & Equipment-Household",https://logo.clearbit.com/transetco.com
Shawn,Michael,shawnm@lonsmith.com,Lon Smith Roofing,"Lon Smith Roofing is a BBB A+ rated Dallas roofing company since 1974. Call 800-317-4791 for a free roof inspection from our certified Dallas roofers. Offices in Dallas and Fort Worth, TX.",904 East Waggoman Street,Fort Worth,Texas,76110,Construction,lonsmith.com,73,22043518,https://www.linkedin.com/company/lon-smith-roofing,"Building Construction Consultants,Building Contractors,Building Contractors-Commercial & Industrial,Construction Consultants,General Contractors,Roofing,Roofing Contractors,Roofing Contractors-Commercial & Industrial,Roofing Services Consultants,Siding Contractors",https://logo.clearbit.com/lonsmith.com
Fran,Mccann,fran.mccann@polkmechanical.com,Polk Mechanical Company,"Polk Mechanical Company is a leading construction company in Dallas and Houston. We offer commercial, industrial, and maintenance services.",2425 Dillard Street,Grand Prairie,Texas,75051,Construction,polkmechanical.com,310,93609460,https://www.linkedin.com/company/polk-mechanical,"Plumbing,HVAC,Estimating,Renovation,Construction Management,Project Bidding,Contract Management,Construction,Contractor,Mechanical Contractor,Industrial Construction,Commercial Construction,Commercial HVAC Service,Construction Safety,Hospital Construction,Partnership,Performance,Trades Career Advancement,Employee Values,Pride",https://logo.clearbit.com/polkmechanical.com
Jackie,Padgett,jpadgett@accent-compliance.com,Accent Compliance,Energy Consulting | Accent Compliance | United States,42408 I 10 East,Winnie,Texas,77665,Construction,accent-compliance.com,42,12682572,https://www.linkedin.com/company/accent-compliance,Pipeline Inspection,https://logo.clearbit.com/accent-compliance.com
Jack,Gerdes,jackgerdes@sbcglobal.net,"Metro Electric, Inc.","Metro Electric is the preferred electrical contractor for so many companies in McAllen, Brownsville and across Rio Grande Valley.",1901 Industrial Drive,Mc Allen,Texas,78504,Construction,metroelectric-rgv.com,33,9964878,https://www.linkedin.com/company/metro-electric-inc-,Electrical Contractor and Infrared Thermography,https://logo.clearbit.com/metroelectric-rgv.com
Steve,Ridout,steve.ridout@mcdelevators.com,Mcdonough Elevators,"Rack and pinion construction elevators are available for rent and sale at McDonough Elevators, an industrial elevator distributor. Contact us today!",8400 Villa Drive,Houston,Texas,77061,Construction,mcdelevators.com,53,16004198,https://www.linkedin.com/company/mcdonough-elevators,"Elevator Inspection & Maintenance,Explosion Proof Elevators,Installation And Dismantle,Modernization Packages,Permanent Elevators,Spare Parts,Temporary Rental Construction Hoists",https://logo.clearbit.com/mcdelevators.com
John,Sachs,jsachs@libertyhomebuilders.com,Liberty Home Builders,"Building Beautiful New Homes and Communities in Houston and San Antonio, TX. Our Homes Feature Amazing Floor Plans and Quality Materials at Affordable Prices.",2821 Jordens Road,Houston,Texas,77084,Construction,libertyhomebuilders.com,27,8153082,https://www.linkedin.com/company/liberty-home-builders,"General Contractors,Home Builders,Real Estate Developers",https://logo.clearbit.com/libertyhomebuilders.com
Bret,Westbrook,bret.westbrook@ogdllc.com,Ogd Equipment Co,"OGD® is a garage door and overhead door services company. From small residential repairs to large new construction projects, we do it all.",2900 Cullen Street,Fort Worth,Texas,76107,Construction,ogdllc.com,26,7851116,https://www.linkedin.com/company/ogd-equipment-co,"Docks,Garage Doors,Gates,Overhead Doors",https://logo.clearbit.com/ogdllc.com
Brad,Luebe,bluebe@avadek.com,Avadek,AVAdek has over 40 years of experience and specializes in prefabricated aluminum walkway and canopy combinations with options providing unique design flexibility for any project.,12130 Galveston Road,Fondren,Texas,77598,Construction,avadek.com,31,9360946,https://www.linkedin.com/company/avadek,"Aluminum Canopies,Sunshade,Walkway Covers,LEED,Extruded Aluminum Canopies,Awnings,Trellis,Architectural Canopies,Exterior Sun Control Device,Custom Fabrication,Shelter Canopy,Drop-Off Canopy,Aluminum Carport,Entry Canopy",https://logo.clearbit.com/avadek.com
Stefan,Figley,stefan.figley@westwoodcontractors.com,"Westwood Contractors, Inc.","Westwood Contractors, Inc. is a commercial general contractor with more than 35 years of nationwide experience delivering excellence in 48 states.",951 West 7th Street,Fort Worth,Texas,76102,Construction,westwoodcontractors.com,57,17212063,https://www.linkedin.com/company/westwood-contractors-inc-,"Building Contractors,Commercial,Drywall Contractors,General Contractors,Ground-Up Facilities,Healthcare Facilities,Home Builders,Hospitality,National General Contractor,Pre-Construction Estimating,Remodels & Renovations,Restaurant,Retail,Retail General Contractor,Shell & Interior Construction,Tenant Improvements & Finish-Outs",https://logo.clearbit.com/westwoodcontractors.com
David,Cowley,david.cowley@bosscrane.com,Boss Crane & Rigging,"BOSS Crane & Rigging is a crane rental service company in Longview, Palestine, Beeville, Houston, and Odessa, TX. Get a quote at 855.239.2505",4836 South Loop,Lakeport,Texas,75603,Construction,bosscrane.com,62,18721891,https://www.linkedin.com/company/boss-crane-&-rigging,"Crane & Lift Services,Heavy Haul Trucking Services,Rigging Services",https://logo.clearbit.com/bosscrane.com
Charlie,Bishop,charlie.bishop@assoccontractors.com,Associated Contractors Inc,Metal Building Contractors Since 1972 Metal Building Contractors in Abilene and West Texas,Po Box 412,Abilene,Texas,79604,Construction,assoccontractors.com,34,10266844,https://www.linkedin.com/company/associated-contractors-inc,"Building Contractors,General Contractors,Metal Buildings",https://logo.clearbit.com/assoccontractors.com
Kyle,Sanguinet,ks@flooringsolutions.us.com,"Flooring Solutions, Inc.","Flooring Solutions, Inc. based in Austin, TX, offers flooring experts that will assist you from design to installation. We're always looking for interior designers and manufacturers to keep our portfolio, products, and offerings as diverse as possibl",8606 Wall Street,Sprinkle,Texas,78754,Construction,flooringsolutions.us.com,36,10870776,https://www.linkedin.com/company/flooringsolutionsinc.-,"Installation,Project Management,Specification & Design,Green Building / LEED,Quality Customer Service,Flooring Reclaimation,Custom Stone Fabrication,Carpet & Custom Rugs,Wood Flooring,Ceramic & Stone Floors,Stone Countertops,Speciality Flooring",https://logo.clearbit.com/flooringsolutions.us.com
Keith,Dalton,kdalton@kdwltd.com,"Kingham Dalton Wilson, Ltd.",Kingham Dalton Wilson (KDW) is built on a proven design/build project delivery method.,5858 Westheimer,Houston,Texas,77057,Construction,kdwltd.com,44,13286504,https://www.linkedin.com/company/kingham-dalton-wilson-ltd.,"Altering & Remodeling Contractors,Building Construction Consultants,Building Contractors,Building Contractors-Commercial & Industrial,Build-To-Suit,Construction/ Project Management,Design/Build Services,Financial Services,General Construction,General Contractors,Property Management,Real Estate Development,Sourcing And Developing Land",https://logo.clearbit.com/kdwltd.com
Mark,Lear,mlear@bblbuildingco.com,Bbl Building Company,BBL Buildling Company is what you look for in single family for rent and multifamily for rent builders with construction excellence.,5217 Tennyson Parkway,Plano,Texas,75024,Construction,bblbuildingco.com,30,9058980,https://www.linkedin.com/company/bblbuildingco,"Multifamily Construction,Residential Construction,Construction",https://logo.clearbit.com/bblbuildingco.com
Gw,Walters,bud_walters@hotmail.com,Pieper-Houston Electric,"Pieper, a commercial electrical contractor serving Houston, is with you every step of the way. View our design/build projects or request building maintenance.",1708 Oak Tree,Houston,Texas,77080,Construction,pieperhouston.com,70,21137620,https://www.linkedin.com/company/pieper-houston-electric,"Commercial Construction,Commercial Electrical Contractor,Electrical Design/Build,Electrical Maintenance",https://logo.clearbit.com/pieperhouston.com
David,Schulte,david.schulte@schulteroofing.com,Schulte Roofing,Voted #1 commercial and residential roofing company 10 consecutive years. Backed by a committment to excellence in roofing and industry-leading warranties.,10842 Bypass 6 Highway South,Navasota,Texas,77868,Construction,schulteroofing.com,31,9360946,https://www.linkedin.com/company/schulte-roofing,"Commercial Roofing,Residential Roofing,Metal Roofing,Slate Roofing,Tile Roofing,Composition Roofing,Reroofing,Roof Repair,Insurance Claims,Sheet Metal Fabrication,Roof Consultation,Roof Inspection",https://logo.clearbit.com/schulteroofing.com
Phil,Birner,phil@rbahouston.com,Renewal By Andersen Of Houston,Renewal by Andersen of Houston is the leading local source for top-quality replacement windows and patio doors. Contact us for a free estimate today!,9825 Fm 2920 Road,Rose Hill,Texas,77375,Construction,rbahouston.com,42,12682572,https://www.linkedin.com/company/renewal-by-andersen-of-houston,"& Accessories,Altering & Remodeling Contractors,Doors,Frames,Home Improvements,Replacement & Installation,Windows,Windows-Repair",https://logo.clearbit.com/rbahouston.com
Carol,Morgan,cmorgan@mdmscaffolding.com,"Mdm Scaffolding Services, Inc.","Mdm Scaffolding is a full-service provider of specialized services, access, shoring, and hoisting solutions to the commercial, industrial, and aircraft industries since 1993.",3355 South Raider Drive,Hurst,Texas,76053,Construction,mdmscaffolding.com,27,8153082,https://www.linkedin.com/company/mdm-scaffolding-services-inc-,"Scaffolding Solutions,Work Platforms/Decks,OSHA Scaffold Training,Scaffold Plank,High-Rise Scaffold Solutions,Shoring,Construction Rennovations,Motorized Equipment,Aircraft Scaffold Access,Trash Chutes,Transport Platforms,Construction Elevators",https://logo.clearbit.com/mdmscaffolding.com
Schuetze,Steve,sschuetze@metcontracting.com,"Metropolitan Contracting Company, Llc","METRO is the premier general contractor for commercial construction. Ground up, Finish out, or Renovation, we are Building Something Better.",990 Isom Road,San Antonio,Texas,78216,Construction,metcontracting.com,33,9964878,https://www.linkedin.com/company/metropolitan-contracting-company-ltd.,"Altering & Remodeling Contractors,Building Construction Consultants,Building Contractors,Building Contractors-Commercial & Industrial,General Contractors",https://logo.clearbit.com/metcontracting.com
Howard,Nedderman,howard@nedderman.net,Nedderman & Associates,"Dallas, TX construction company. 30 yrs. Quality service. Trusted. Doable schedules, budgeting, teamwork with owner, contractor in design & build process.",8610 King George Drive,Dallas,Texas,75235,Construction,nedderman.net,22,6643252,https://www.linkedin.com/company/nedderman-&-associates,"Commercial,Corporate,General Contractors,Healthcare,High End Residential,Industrial,Mixed Use,Public,Retail,Senior Living,Structural Repair,Worship",https://logo.clearbit.com/nedderman.net
Danny,Leverett,dleverett@tarrantroofing.com,Tarrant Roofing,"Roofing Company in Fort Worth - Tarrant Roofing is a roofing company in Fort Worth, Texas since 1994. A+ BBB Rating. Residential & Commercial",4101 Airport Freeway,Bedford,Texas,76021,Construction,tarrantroofing.com,67,20231722,https://www.linkedin.com/company/tarrant-roofing,Roofing Contractors,https://logo.clearbit.com/tarrantroofing.com
John,Martin,jmartin@palomarmodular.com,Palomar Modular Buildings,"Palomar Modular Buildings designs and manufactures advanced modular buildings for a selection of markets including education, healthcare, and commercial.",505 North I,Desoto,Texas,75115,Construction,palomarmodular.com,40,12078640,https://www.linkedin.com/company/palomar-modular-buildings,"Commercial Buildings,Education Buildings,Government Buildings,Healthcare Buildings,Industrial Buildings,Modular Buildings,Student & Multi-Family Housing",https://logo.clearbit.com/palomarmodular.com